{
    "loss": 1.0768052339553833,
    "accuracy": 0.7844827771186829
}