{
    "loss": 3.4055299758911133,
    "accuracy": 0.5775862336158752
}