{
    "loss": 4.34255838394165,
    "accuracy": 0.5517241358757019
}